ward,precinct,total,democratic,republican,percentDemocratic
1,1,766,667,78,0.870757180156658
1,2,611,540,53,0.88379705400982
1,3,848,766,69,0.903301886792453
1,4,842,733,95,0.870546318289786
1,5,782,696,72,0.89002557544757
1,6,666,559,95,0.839339339339339
1,7,498,438,49,0.879518072289157
1,8,674,594,71,0.881305637982196
1,9,521,442,67,0.848368522072937
1,10,926,802,102,0.866090712742981
1,11,844,758,69,0.898104265402844
1,12,885,731,137,0.825988700564972
1,13,363,317,30,0.873278236914601
1,14,729,651,70,0.893004115226337
1,15,648,539,91,0.83179012345679
1,16,782,682,81,0.872122762148338
1,17,633,559,62,0.883096366508689
1,18,702,640,48,0.911680911680912
1,19,828,744,61,0.898550724637681
1,20,543,499,36,0.918968692449355
1,21,1086,970,88,0.893186003683241
1,22,491,430,46,0.875763747454175
1,23,909,817,65,0.898789878987899
1,24,654,575,56,0.879204892966361
1,25,697,621,60,0.890961262553802
1,26,482,419,56,0.869294605809129
1,27,802,692,94,0.86284289276808
1,28,254,208,40,0.818897637795276
1,29,938,832,84,0.886993603411514
1,30,804,700,85,0.870646766169154
1,31,670,574,85,0.856716417910448
1,32,694,578,100,0.832853025936599
1,33,828,693,121,0.83695652173913
1,34,567,521,34,0.918871252204585
1,35,902,768,113,0.851441241685144
1,36,830,716,93,0.862650602409638
1,37,759,633,111,0.83399209486166
1,38,708,635,59,0.896892655367232
1,39,617,531,75,0.860615883306321
1,40,690,563,113,0.815942028985507
1,41,412,378,25,0.91747572815534
1,42,224,194,24,0.866071428571429
1,43,462,404,51,0.874458874458875
1,44,655,588,48,0.897709923664122
2,1,834,730,87,0.875299760191846
2,2,512,386,118,0.75390625
2,3,842,743,81,0.882422802850356
2,4,746,660,72,0.884718498659517
2,5,885,774,90,0.874576271186441
2,6,781,665,102,0.851472471190781
2,7,695,606,72,0.871942446043165
2,8,937,814,97,0.868729989327641
2,9,724,559,148,0.772099447513812
2,10,540,369,163,0.683333333333333
2,11,731,556,163,0.760601915184679
2,12,624,541,71,0.866987179487179
2,13,595,469,116,0.788235294117647
2,14,751,635,103,0.845539280958722
2,15,701,620,69,0.884450784593438
2,16,704,620,75,0.880681818181818
2,17,818,690,115,0.843520782396088
2,18,664,516,136,0.77710843373494
2,19,490,364,124,0.742857142857143
2,20,966,775,170,0.802277432712215
2,21,769,684,70,0.889466840052016
2,22,788,639,131,0.810913705583756
2,23,469,367,97,0.782515991471215
2,24,687,575,99,0.836972343522562
2,25,834,726,88,0.870503597122302
2,26,669,536,121,0.801195814648729
2,27,649,443,193,0.682588597842835
2,28,837,666,149,0.795698924731183
2,29,815,629,171,0.771779141104294
2,30,608,463,132,0.761513157894737
2,31,812,644,156,0.793103448275862
2,32,620,464,140,0.748387096774194
2,33,1007,765,225,0.759682224428997
2,34,522,391,124,0.74904214559387
2,35,984,767,197,0.779471544715447
2,36,826,629,186,0.761501210653753
2,37,612,482,123,0.787581699346405
2,38,662,495,158,0.74773413897281
2,39,501,331,161,0.660678642714571
2,40,1030,802,211,0.778640776699029
2,41,874,648,204,0.74141876430206
2,42,813,624,171,0.767527675276753
2,43,989,731,238,0.739130434782609
2,44,423,324,90,0.765957446808511
2,45,853,678,156,0.794841735052755
2,46,419,329,79,0.785202863961814
3,1,824,793,29,0.962378640776699
3,2,646,627,17,0.970588235294117
3,3,566,477,85,0.842756183745583
3,4,664,641,15,0.965361445783132
3,5,364,324,28,0.89010989010989
3,6,955,793,146,0.830366492146597
3,7,394,373,19,0.946700507614213
3,8,497,468,20,0.941649899396378
3,9,671,639,22,0.95230998509687
3,10,315,298,14,0.946031746031746
3,11,653,622,25,0.952526799387443
3,12,585,554,21,0.947008547008547
3,13,781,676,98,0.865556978233034
3,14,771,669,88,0.867704280155642
3,15,574,547,22,0.952961672473868
3,16,479,456,18,0.951983298538622
3,17,961,877,74,0.912591050988553
3,18,887,816,55,0.919954904171364
3,19,830,668,144,0.804819277108434
3,20,652,619,22,0.949386503067485
3,21,730,611,110,0.836986301369863
3,22,957,794,149,0.829676071055381
3,23,539,493,38,0.914656771799629
3,24,521,494,21,0.948176583493282
3,25,1220,994,210,0.814754098360656
3,26,770,648,111,0.841558441558441
3,27,867,678,178,0.782006920415225
3,28,382,352,25,0.921465968586387
3,29,668,635,25,0.95059880239521
3,30,532,512,14,0.962406015037594
3,31,714,682,24,0.955182072829131
3,32,1100,948,126,0.861818181818182
3,33,865,742,104,0.857803468208092
3,34,1038,899,122,0.866088631984586
3,35,325,304,16,0.935384615384615
3,36,295,283,8,0.959322033898305
3,37,533,513,16,0.962476547842402
3,38,451,433,14,0.960088691796009
3,39,1346,1156,171,0.858841010401189
3,40,685,611,64,0.891970802919708
3,41,519,463,51,0.892100192678227
4,1,940,877,44,0.932978723404255
4,2,902,783,101,0.868070953436807
4,3,525,504,17,0.96
4,4,822,773,39,0.940389294403893
4,5,642,609,24,0.948598130841122
4,6,746,680,62,0.911528150134048
4,7,787,748,28,0.950444726810674
4,8,700,656,27,0.937142857142857
4,9,670,640,29,0.955223880597015
4,10,788,756,19,0.959390862944162
4,11,645,618,18,0.958139534883721
4,12,786,757,25,0.963104325699745
4,13,952,811,114,0.851890756302521
4,14,643,600,40,0.933125972006221
4,15,698,663,29,0.949856733524355
4,16,1218,1035,163,0.849753694581281
4,17,813,712,87,0.875768757687577
4,18,611,583,20,0.95417348608838
4,19,532,498,29,0.93609022556391
4,20,573,471,90,0.821989528795812
4,21,794,687,94,0.865239294710328
4,22,639,596,33,0.932707355242566
4,23,814,776,24,0.953316953316953
4,24,610,573,29,0.939344262295082
4,25,893,768,108,0.860022396416573
4,26,577,549,24,0.951473136915078
4,27,872,826,36,0.947247706422018
4,28,579,532,42,0.918825561312608
4,29,607,584,17,0.962108731466227
4,30,866,834,27,0.963048498845266
4,31,602,561,32,0.931893687707641
4,32,694,653,28,0.940922190201729
4,33,611,580,22,0.949263502454992
4,34,576,533,27,0.925347222222222
4,35,726,676,45,0.931129476584022
4,36,772,730,34,0.94559585492228
4,37,1283,1119,146,0.872174590802806
4,38,684,652,26,0.953216374269006
5,1,557,529,18,0.949730700179533
5,2,447,432,13,0.966442953020134
5,3,646,603,25,0.93343653250774
5,4,784,746,25,0.951530612244898
5,5,561,534,19,0.951871657754011
5,6,473,436,31,0.921775898520085
5,7,620,578,33,0.932258064516129
5,8,656,617,30,0.940548780487805
5,9,723,686,26,0.948824343015214
5,10,500,480,15,0.96
5,11,608,567,30,0.932565789473684
5,12,379,349,24,0.920844327176781
5,13,522,496,19,0.950191570881226
5,14,463,449,10,0.96976241900648
5,15,617,577,27,0.93517017828201
5,16,561,539,15,0.96078431372549
5,17,496,469,23,0.945564516129032
5,18,567,540,16,0.952380952380952
5,19,574,534,31,0.930313588850174
5,20,653,614,31,0.940275650842266
5,21,614,579,26,0.94299674267101
5,22,708,668,31,0.943502824858757
5,23,1064,984,64,0.924812030075188
5,24,751,705,36,0.938748335552596
5,25,535,510,17,0.953271028037383
5,26,568,537,26,0.945422535211268
5,27,656,598,44,0.911585365853659
5,28,599,559,29,0.93322203672788
5,29,610,581,21,0.952459016393443
5,30,387,367,16,0.948320413436692
5,31,446,426,17,0.955156950672646
5,32,638,609,20,0.954545454545455
5,33,627,611,13,0.974481658692185
5,34,673,623,40,0.925705794947994
5,35,773,724,38,0.936610608020699
5,36,384,364,15,0.947916666666667
5,37,635,594,29,0.935433070866142
5,38,562,537,20,0.955516014234875
5,39,530,480,41,0.905660377358491
5,40,454,419,24,0.922907488986784
5,41,287,277,8,0.965156794425087
6,1,497,482,15,0.969818913480885
6,2,473,453,16,0.957716701902748
6,3,513,495,17,0.964912280701754
6,4,368,350,13,0.951086956521739
6,5,334,316,15,0.946107784431138
6,6,547,521,18,0.952468007312614
6,7,474,454,17,0.957805907172996
6,8,477,465,9,0.974842767295598
6,9,475,456,13,0.96
6,10,364,346,13,0.95054945054945
6,11,408,387,19,0.948529411764706
6,12,381,349,27,0.916010498687664
6,13,359,344,11,0.958217270194986
6,14,444,429,11,0.966216216216216
6,15,441,412,23,0.934240362811791
6,16,498,478,15,0.959839357429719
6,17,344,319,21,0.927325581395349
6,18,383,373,5,0.973890339425587
6,19,414,398,13,0.961352657004831
6,20,312,300,10,0.961538461538462
6,21,250,232,12,0.928
6,22,315,295,17,0.936507936507936
6,23,281,263,14,0.935943060498221
6,24,269,247,17,0.9182156133829
6,25,262,248,13,0.946564885496183
6,26,374,349,15,0.933155080213904
6,27,294,279,11,0.948979591836735
6,28,249,237,10,0.951807228915663
6,29,486,465,14,0.95679012345679
6,30,404,379,17,0.938118811881188
6,31,468,451,14,0.963675213675213
6,32,446,424,19,0.95067264573991
6,33,464,435,25,0.9375
6,34,480,475,4,0.989583333333333
6,35,434,413,16,0.951612903225806
6,36,513,500,10,0.974658869395711
6,37,485,455,25,0.938144329896907
6,38,502,485,11,0.966135458167331
6,39,407,392,12,0.963144963144963
6,40,423,410,12,0.969267139479905
6,41,474,448,22,0.945147679324894
6,42,481,459,14,0.954261954261954
6,43,446,424,14,0.95067264573991
6,44,551,526,23,0.954627949183303
6,45,474,461,11,0.972573839662447
6,46,356,348,6,0.97752808988764
6,47,348,331,13,0.951149425287356
6,48,464,446,15,0.961206896551724
7,1,479,455,18,0.949895615866388
7,2,485,454,23,0.936082474226804
7,3,453,437,12,0.964679911699779
7,4,442,427,11,0.96606334841629
7,5,440,407,28,0.925
7,6,585,557,19,0.952136752136752
7,7,462,437,21,0.945887445887446
7,8,370,338,27,0.913513513513514
7,9,766,723,36,0.943864229765013
7,10,515,499,11,0.968932038834952
7,11,529,509,15,0.962192816635161
7,12,467,437,23,0.93576017130621
7,13,312,301,9,0.96474358974359
7,14,540,505,30,0.935185185185185
7,15,444,435,7,0.97972972972973
7,16,455,418,29,0.918681318681318
7,17,363,347,14,0.955922865013774
7,18,454,422,25,0.929515418502203
7,19,430,410,14,0.953488372093023
7,20,361,345,12,0.955678670360111
7,21,347,322,19,0.927953890489914
7,22,403,374,25,0.928039702233251
7,23,416,404,10,0.971153846153846
7,24,385,365,16,0.948051948051948
7,25,388,342,38,0.881443298969072
7,26,345,324,17,0.939130434782609
7,27,362,351,4,0.969613259668508
7,28,361,334,21,0.925207756232687
7,29,402,379,18,0.942786069651741
7,30,360,333,23,0.925
7,31,335,300,29,0.895522388059701
7,32,550,526,21,0.956363636363636
7,33,547,528,16,0.96526508226691
7,34,542,519,17,0.957564575645756
7,35,478,449,21,0.939330543933054
7,36,535,512,19,0.957009345794392
7,37,464,438,22,0.943965517241379
7,38,384,372,9,0.96875
7,39,403,394,8,0.977667493796526
7,40,384,370,8,0.963541666666667
7,41,423,405,12,0.957446808510638
7,42,398,389,7,0.977386934673367
7,43,423,402,19,0.950354609929078
7,44,389,370,13,0.951156812339332
7,45,476,449,21,0.94327731092437
7,46,175,167,5,0.954285714285714
8,1,412,388,15,0.941747572815534
8,2,446,425,16,0.952914798206278
8,3,499,486,9,0.973947895791583
8,4,507,497,7,0.980276134122288
8,5,488,474,7,0.971311475409836
8,6,452,430,18,0.951327433628319
8,7,515,485,28,0.941747572815534
8,8,455,439,13,0.964835164835165
8,9,301,290,11,0.963455149501661
8,10,560,535,21,0.955357142857143
8,11,382,362,14,0.947643979057592
8,12,404,383,19,0.948019801980198
8,13,536,511,17,0.953358208955224
8,14,407,384,17,0.943488943488944
8,15,435,412,16,0.947126436781609
8,16,152,142,9,0.93421052631579
8,17,397,384,7,0.967254408060453
8,18,461,430,29,0.932754880694143
8,19,495,475,17,0.95959595959596
8,20,533,515,13,0.966228893058161
8,21,596,574,19,0.963087248322148
8,22,427,404,16,0.946135831381733
8,23,380,368,10,0.968421052631579
8,24,264,253,8,0.958333333333333
8,25,473,444,24,0.938689217758985
8,26,424,407,13,0.959905660377358
8,27,511,485,22,0.949119373776908
8,28,466,447,17,0.959227467811159
8,29,522,499,15,0.955938697318008
8,30,511,482,17,0.943248532289628
8,31,363,345,15,0.950413223140496
8,32,368,353,10,0.959239130434783
8,33,385,367,14,0.953246753246753
8,34,430,418,10,0.972093023255814
8,35,539,517,14,0.959183673469388
8,36,467,453,8,0.970021413276231
8,37,362,353,6,0.975138121546961
8,38,353,346,6,0.980169971671388
8,39,449,434,8,0.966592427616926
8,40,387,376,10,0.971576227390181
8,41,506,487,15,0.962450592885376
8,42,594,573,17,0.964646464646465
8,43,272,252,16,0.926470588235294
8,44,353,336,12,0.951841359773371
8,45,420,401,13,0.954761904761905
8,46,374,353,17,0.943850267379679
8,47,389,367,18,0.943444730077121
8,48,433,418,10,0.965357967667436
8,49,427,409,15,0.957845433255269
8,50,465,445,14,0.956989247311828
8,51,470,454,14,0.965957446808511
8,52,560,546,12,0.975
8,53,278,265,9,0.953237410071942
8,54,401,363,27,0.905236907730673
8,55,366,346,17,0.945355191256831
8,56,480,470,5,0.979166666666667
9,1,441,422,14,0.956916099773243
9,2,353,339,9,0.960339943342776
9,3,329,309,15,0.939209726443769
9,4,346,340,3,0.982658959537572
9,5,432,420,7,0.972222222222222
9,6,415,403,9,0.971084337349398
9,7,339,318,17,0.938053097345133
9,8,471,445,21,0.9447983014862
9,9,507,494,10,0.974358974358974
9,10,346,334,10,0.965317919075144
9,11,322,306,14,0.950310559006211
9,12,504,474,25,0.94047619047619
9,13,491,477,12,0.971486761710794
9,14,494,475,17,0.961538461538462
9,15,571,533,30,0.933450087565674
9,16,419,399,14,0.952267303102625
9,17,344,328,10,0.953488372093023
9,18,317,310,5,0.977917981072555
9,19,436,424,8,0.972477064220183
9,20,413,396,10,0.958837772397094
9,21,424,406,17,0.957547169811321
9,22,478,447,27,0.935146443514644
9,23,499,484,10,0.969939879759519
9,24,441,419,16,0.950113378684807
9,25,428,414,10,0.967289719626168
9,26,559,525,24,0.939177101967799
9,27,367,354,9,0.964577656675749
9,28,286,260,26,0.909090909090909
9,29,396,377,16,0.952020202020202
9,30,381,360,21,0.94488188976378
9,31,364,346,15,0.95054945054945
9,32,445,420,22,0.943820224719101
9,33,338,322,14,0.952662721893491
9,34,366,345,17,0.942622950819672
9,35,405,385,13,0.950617283950617
9,36,381,369,8,0.968503937007874
9,37,670,566,88,0.844776119402985
9,38,431,412,14,0.955916473317865
9,39,461,448,10,0.971800433839479
9,40,480,462,13,0.9625
9,41,369,352,14,0.953929539295393
9,42,455,435,15,0.956043956043956
9,43,411,385,19,0.936739659367396
9,44,373,365,8,0.978552278820375
9,45,363,350,9,0.964187327823691
9,46,417,389,23,0.932853717026379
9,47,456,445,5,0.975877192982456
9,48,462,446,14,0.965367965367965
9,49,478,460,15,0.96234309623431
9,50,603,579,19,0.960199004975124
9,51,423,408,12,0.964539007092198
10,1,388,349,34,0.899484536082474
10,2,486,290,189,0.596707818930041
10,3,525,343,177,0.653333333333333
10,4,385,352,30,0.914285714285714
10,5,412,267,138,0.648058252427184
10,6,428,329,94,0.768691588785047
10,7,365,298,61,0.816438356164383
10,8,269,245,21,0.910780669144982
10,9,481,304,174,0.632016632016632
10,10,531,388,136,0.730696798493409
10,11,619,491,118,0.793214862681745
10,12,354,261,89,0.73728813559322
10,13,437,378,53,0.864988558352403
10,14,624,488,131,0.782051282051282
10,15,799,764,25,0.956195244055069
10,16,390,267,112,0.684615384615385
10,17,656,420,224,0.640243902439024
10,18,288,268,16,0.930555555555556
10,19,515,361,147,0.700970873786408
10,20,515,404,105,0.784466019417476
10,21,513,382,124,0.744639376218323
10,22,288,234,49,0.8125
10,23,425,347,71,0.816470588235294
10,24,511,303,204,0.592954990215264
10,25,141,134,5,0.950354609929078
10,26,355,304,43,0.856338028169014
10,27,438,399,37,0.910958904109589
10,28,553,455,92,0.822784810126582
10,29,516,421,87,0.815891472868217
10,30,454,361,81,0.795154185022026
10,31,414,354,54,0.855072463768116
10,32,514,391,120,0.760700389105058
10,33,382,324,54,0.848167539267016
10,34,344,305,36,0.886627906976744
10,35,532,353,173,0.663533834586466
10,36,131,114,15,0.870229007633588
11,1,627,443,166,0.706539074960128
11,2,54,39,15,0.722222222222222
11,3,607,540,51,0.889621087314662
11,4,523,377,140,0.720841300191205
11,5,762,592,141,0.776902887139108
11,6,904,767,122,0.848451327433628
11,7,568,500,59,0.880281690140845
11,8,565,418,139,0.739823008849558
11,9,539,358,166,0.664192949907236
11,10,620,412,199,0.664516129032258
11,11,682,467,204,0.68475073313783
11,12,772,339,420,0.439119170984456
11,13,748,334,400,0.446524064171123
11,14,422,238,177,0.563981042654028
11,15,247,173,68,0.700404858299595
11,16,447,274,163,0.612975391498881
11,17,716,541,155,0.755586592178771
11,18,517,322,183,0.622823984526112
11,19,783,590,165,0.753512132822477
11,20,445,264,174,0.593258426966292
11,21,705,398,291,0.564539007092199
11,22,737,500,223,0.67842605156038
11,23,340,204,122,0.6
11,24,640,369,259,0.5765625
11,25,742,537,187,0.723719676549865
11,26,630,423,189,0.671428571428571
11,27,258,166,86,0.643410852713178
11,28,292,156,131,0.534246575342466
11,29,699,404,283,0.577968526466381
11,30,352,220,132,0.625
11,31,607,325,276,0.535420098846787
11,32,276,127,143,0.460144927536232
11,33,771,607,150,0.787289234760052
11,34,249,152,96,0.610441767068273
11,35,138,82,52,0.594202898550725
11,36,300,196,99,0.653333333333333
11,37,230,177,48,0.769565217391304
11,38,307,261,35,0.850162866449511
12,1,505,397,92,0.786138613861386
12,2,463,377,79,0.814254859611231
12,3,621,506,98,0.814814814814815
12,4,584,453,111,0.775684931506849
12,5,493,335,149,0.679513184584178
12,6,630,486,127,0.771428571428571
12,7,475,418,39,0.88
12,8,538,409,116,0.760223048327137
12,9,467,359,96,0.768736616702356
12,10,645,584,45,0.905426356589147
12,11,559,453,102,0.810375670840787
12,12,520,420,94,0.807692307692308
12,13,577,459,111,0.795493934142114
12,14,464,415,42,0.894396551724138
12,15,467,407,51,0.87152034261242
12,16,460,402,49,0.873913043478261
12,17,597,481,103,0.805695142378559
12,18,445,385,45,0.865168539325843
12,19,514,403,101,0.784046692607004
12,20,605,494,101,0.816528925619835
12,21,541,450,80,0.831792975970425
12,22,482,419,44,0.869294605809129
12,23,549,439,99,0.799635701275046
13,1,433,260,166,0.600461893764434
13,2,366,192,171,0.524590163934426
13,3,370,303,59,0.818918918918919
13,4,502,265,229,0.527888446215139
13,5,530,424,98,0.8
13,6,426,205,217,0.481220657276995
13,7,383,279,90,0.72845953002611
13,8,349,222,125,0.636103151862464
13,9,474,369,95,0.778481012658228
13,10,400,160,234,0.4
13,11,482,287,194,0.595435684647303
13,12,424,304,113,0.716981132075472
13,13,428,327,97,0.764018691588785
13,14,435,326,101,0.749425287356322
13,15,637,521,104,0.817896389324961
13,16,325,276,48,0.849230769230769
13,17,394,253,136,0.642131979695431
13,18,378,205,166,0.542328042328042
13,19,563,481,68,0.854351687388987
13,20,323,156,164,0.48297213622291
13,21,525,248,267,0.472380952380952
13,22,514,260,245,0.505836575875486
13,23,371,295,68,0.795148247978436
13,24,448,317,128,0.707589285714286
13,25,456,351,100,0.769736842105263
13,26,464,304,150,0.655172413793103
13,27,448,289,153,0.645089285714286
13,28,344,270,73,0.784883720930232
13,29,361,262,98,0.725761772853185
13,30,352,305,42,0.866477272727273
13,31,506,255,245,0.50395256916996
13,32,407,178,225,0.437346437346437
13,33,432,217,207,0.502314814814815
13,34,437,378,55,0.864988558352403
13,35,395,297,90,0.751898734177215
13,36,318,258,56,0.811320754716981
13,37,446,364,78,0.816143497757848
13,38,385,189,191,0.490909090909091
13,39,418,332,80,0.794258373205742
13,40,446,306,130,0.68609865470852
13,41,525,448,67,0.853333333333333
13,42,471,223,243,0.473460721868365
13,43,452,306,138,0.676991150442478
13,44,460,384,71,0.834782608695652
13,45,471,283,182,0.600849256900212
13,46,507,376,117,0.741617357001972
13,47,521,426,86,0.817658349328215
13,48,394,216,174,0.548223350253807
14,1,559,254,301,0.45438282647585
14,2,647,515,120,0.795981452859351
14,3,484,404,77,0.834710743801653
14,4,531,268,257,0.504708097928437
14,5,699,609,80,0.871244635193133
14,6,260,222,32,0.853846153846154
14,7,637,513,114,0.805337519623234
14,8,599,447,137,0.746243739565943
14,9,638,370,261,0.579937304075235
14,10,356,276,75,0.775280898876405
14,11,287,253,33,0.881533101045296
14,12,548,397,147,0.724452554744526
14,13,446,354,84,0.79372197309417
14,14,481,402,71,0.835758835758836
14,15,525,463,54,0.881904761904762
14,16,367,290,74,0.790190735694823
14,17,429,353,72,0.822843822843823
14,18,240,175,60,0.729166666666667
14,19,462,378,74,0.818181818181818
14,20,375,301,66,0.802666666666667
14,21,470,385,75,0.819148936170213
14,22,706,467,228,0.661473087818697
14,23,423,291,131,0.687943262411348
14,24,605,321,277,0.530578512396694
14,25,288,235,47,0.815972222222222
14,26,373,333,34,0.892761394101877
14,27,500,372,110,0.744
14,28,408,310,86,0.759803921568627
14,29,375,314,55,0.837333333333333
14,30,323,295,26,0.913312693498452
14,31,261,213,41,0.816091954022988
15,1,427,363,49,0.850117096018735
15,2,267,255,11,0.955056179775281
15,3,285,274,9,0.96140350877193
15,4,495,428,58,0.864646464646465
15,5,465,394,61,0.847311827956989
15,6,504,409,85,0.811507936507936
15,7,289,273,12,0.944636678200692
15,8,481,406,69,0.844074844074844
15,9,642,544,89,0.847352024922118
15,10,661,531,114,0.803328290468986
15,11,589,481,103,0.816638370118845
15,12,580,478,94,0.824137931034483
15,13,482,403,67,0.836099585062241
15,14,429,375,49,0.874125874125874
15,15,430,364,61,0.846511627906977
15,16,540,467,64,0.864814814814815
15,17,278,259,12,0.931654676258993
15,18,260,243,16,0.934615384615385
15,19,407,364,37,0.894348894348894
15,20,285,274,10,0.96140350877193
15,21,235,225,8,0.957446808510638
15,22,293,265,21,0.904436860068259
15,23,306,295,8,0.964052287581699
15,24,291,268,18,0.920962199312715
16,1,574,488,70,0.850174216027875
16,2,347,321,23,0.92507204610951
16,3,315,295,18,0.936507936507936
16,4,407,378,23,0.928746928746929
16,5,257,242,9,0.941634241245136
16,6,322,310,8,0.962732919254658
16,7,358,337,19,0.941340782122905
16,8,257,240,13,0.933852140077821
16,9,334,325,7,0.973053892215569
16,10,324,308,15,0.950617283950617
16,11,373,345,22,0.924932975871314
16,12,328,298,21,0.908536585365854
16,13,425,383,31,0.901176470588235
16,14,286,267,13,0.933566433566434
16,15,346,327,15,0.945086705202312
16,16,314,302,10,0.961783439490446
16,17,482,427,52,0.885892116182573
16,18,418,382,31,0.913875598086124
16,19,360,329,24,0.913888888888889
16,20,272,259,11,0.952205882352941
16,21,314,297,13,0.945859872611465
16,22,333,307,18,0.921921921921922
16,23,492,432,51,0.878048780487805
16,24,183,175,8,0.956284153005464
16,25,408,383,19,0.938725490196078
16,26,272,260,8,0.955882352941176
16,27,281,265,12,0.94306049822064
16,28,325,308,13,0.947692307692308
16,29,304,292,12,0.960526315789473
16,30,290,270,16,0.931034482758621
16,31,347,321,16,0.92507204610951
16,32,479,412,58,0.860125260960334
16,33,290,276,7,0.951724137931034
16,34,308,289,11,0.938311688311688
16,35,529,471,54,0.890359168241966
16,36,247,225,18,0.910931174089069
17,1,489,428,53,0.875255623721881
17,2,429,411,14,0.958041958041958
17,3,427,399,25,0.934426229508197
17,4,519,487,26,0.938342967244701
17,5,334,317,15,0.949101796407186
17,6,443,411,27,0.927765237020316
17,7,428,397,28,0.927570093457944
17,8,400,365,28,0.9125
17,9,329,313,9,0.951367781155015
17,10,550,508,34,0.923636363636363
17,11,332,318,14,0.957831325301205
17,12,601,525,67,0.873544093178037
17,13,354,338,14,0.954802259887006
17,14,484,451,33,0.931818181818182
17,15,439,415,20,0.945330296127563
17,16,496,456,35,0.919354838709677
17,17,435,403,29,0.926436781609195
17,18,467,453,11,0.970021413276231
17,19,255,243,11,0.952941176470588
17,20,508,493,13,0.970472440944882
17,21,502,492,8,0.9800796812749
17,22,396,376,18,0.94949494949495
17,23,284,271,12,0.954225352112676
17,24,438,423,11,0.965753424657534
17,25,350,331,13,0.945714285714286
17,26,438,425,12,0.970319634703196
17,27,401,384,13,0.957605985037406
17,28,345,334,11,0.968115942028986
17,29,422,406,12,0.962085308056872
17,30,421,365,52,0.866983372921615
17,31,254,248,4,0.976377952755906
17,32,343,327,9,0.9533527696793
17,33,290,216,19,0.744827586206897
17,34,291,281,8,0.965635738831615
17,35,291,282,3,0.969072164948454
17,36,390,371,15,0.951282051282051
17,37,334,313,18,0.937125748502994
17,38,474,459,13,0.968354430379747
17,39,423,400,17,0.945626477541371
17,40,449,432,15,0.962138084632517
17,41,546,524,16,0.95970695970696
18,1,444,404,30,0.90990990990991
18,2,528,431,93,0.816287878787879
18,3,444,322,121,0.725225225225225
18,4,487,453,25,0.930184804928131
18,5,287,275,9,0.958188153310104
18,6,437,307,121,0.702517162471396
18,7,493,420,64,0.851926977687627
18,8,459,439,17,0.956427015250545
18,9,435,415,18,0.954022988505747
18,10,563,534,22,0.948490230905862
18,11,440,376,58,0.854545454545455
18,12,436,414,18,0.94954128440367
18,13,499,459,35,0.919839679358718
18,14,474,460,12,0.970464135021097
18,15,528,427,92,0.808712121212121
18,16,438,418,19,0.954337899543379
18,17,485,437,40,0.901030927835052
18,18,356,338,15,0.949438202247191
18,19,413,391,19,0.946731234866828
18,20,342,333,7,0.973684210526316
18,21,576,527,41,0.914930555555556
18,22,498,473,21,0.949799196787149
18,23,469,430,31,0.916844349680171
18,24,492,355,131,0.721544715447154
18,25,521,398,120,0.763915547024952
18,26,542,514,23,0.948339483394834
18,27,402,368,29,0.915422885572139
18,28,477,309,164,0.647798742138365
18,29,536,467,66,0.871268656716418
18,30,595,431,153,0.72436974789916
18,31,502,473,25,0.942231075697211
18,32,463,448,13,0.967602591792657
18,33,353,337,13,0.954674220963173
18,34,508,470,37,0.925196850393701
18,35,515,483,26,0.937864077669903
18,36,512,434,72,0.84765625
18,37,508,475,26,0.93503937007874
18,38,420,404,14,0.961904761904762
18,39,409,380,24,0.929095354523227
18,40,515,422,83,0.819417475728155
18,41,546,517,27,0.946886446886447
18,42,426,392,29,0.92018779342723
18,43,423,319,100,0.754137115839243
18,44,455,311,140,0.683516483516484
18,45,489,418,68,0.85480572597137
18,46,546,404,137,0.73992673992674
18,47,363,332,29,0.914600550964187
18,48,334,318,13,0.952095808383234
18,49,313,292,19,0.932907348242812
18,50,375,349,19,0.930666666666667
19,1,467,219,244,0.468950749464668
19,2,678,569,102,0.839233038348083
19,3,472,126,339,0.266949152542373
19,4,649,219,417,0.337442218798151
19,5,588,459,117,0.780612244897959
19,6,603,236,356,0.391376451077944
19,7,492,289,193,0.58739837398374
19,8,613,189,416,0.308319738988581
19,9,396,179,214,0.452020202020202
19,10,642,513,119,0.799065420560748
19,11,547,149,389,0.272394881170018
19,12,488,148,334,0.30327868852459
19,13,596,551,34,0.924496644295302
19,14,579,468,100,0.808290155440414
19,15,741,236,495,0.318488529014845
19,16,546,175,361,0.320512820512821
19,17,459,204,246,0.444444444444444
19,18,510,381,118,0.747058823529412
19,19,670,539,123,0.804477611940298
19,20,425,369,50,0.868235294117647
19,21,582,195,378,0.335051546391753
19,22,576,424,137,0.736111111111111
19,23,559,271,281,0.48479427549195
19,24,405,139,259,0.34320987654321
19,25,509,349,155,0.68565815324165
19,26,532,355,165,0.667293233082707
19,27,504,432,65,0.857142857142857
19,28,598,558,26,0.933110367892977
19,29,614,227,381,0.369706840390879
19,30,545,189,344,0.346788990825688
19,31,489,329,145,0.67280163599182
19,32,495,234,252,0.472727272727273
19,33,606,187,411,0.308580858085809
19,34,474,330,139,0.69620253164557
19,35,477,347,126,0.727463312368973
19,36,726,644,75,0.887052341597796
19,37,510,445,55,0.872549019607843
19,38,481,410,62,0.852390852390852
19,39,246,221,20,0.898373983739837
19,40,576,451,116,0.782986111111111
19,41,555,174,374,0.313513513513514
19,42,438,344,85,0.785388127853881
19,43,698,659,32,0.944126074498567
19,44,651,203,439,0.311827956989247
19,45,550,258,281,0.469090909090909
19,46,544,263,273,0.483455882352941
19,47,718,605,105,0.842618384401114
19,48,630,599,26,0.950793650793651
19,49,620,554,55,0.893548387096774
19,50,447,261,178,0.583892617449664
19,51,592,310,272,0.523648648648649
19,52,662,259,384,0.391238670694864
19,53,506,315,183,0.622529644268775
19,54,482,119,353,0.246887966804979
19,55,494,145,339,0.293522267206478
19,56,558,443,106,0.793906810035842
19,57,437,355,73,0.812356979405034
20,1,479,454,19,0.947807933194154
20,2,183,161,17,0.879781420765027
20,3,408,385,12,0.943627450980392
20,4,241,209,29,0.867219917012448
20,5,549,518,24,0.943533697632058
20,6,225,213,10,0.946666666666667
20,7,557,520,21,0.933572710951526
20,8,424,399,20,0.941037735849057
20,9,660,635,18,0.962121212121212
20,10,330,315,8,0.954545454545455
20,11,620,588,24,0.948387096774193
20,12,451,433,12,0.960088691796009
20,13,490,460,27,0.938775510204082
20,14,281,264,9,0.939501779359431
20,15,499,439,53,0.879759519038076
20,16,575,541,21,0.940869565217391
20,17,327,281,40,0.859327217125382
20,18,337,318,12,0.943620178041543
20,19,494,468,20,0.947368421052632
20,20,371,310,54,0.835579514824798
20,21,391,373,17,0.953964194373402
20,22,622,586,26,0.942122186495177
20,23,454,433,16,0.95374449339207
20,24,615,570,30,0.926829268292683
20,25,338,314,19,0.928994082840237
20,26,455,422,21,0.927472527472528
20,27,271,254,14,0.937269372693727
20,28,291,280,8,0.962199312714777
20,29,551,525,24,0.952813067150635
20,30,222,208,12,0.936936936936937
20,31,589,555,28,0.942275042444822
20,32,407,386,20,0.948402948402948
20,33,288,268,16,0.930555555555556
20,34,629,577,40,0.917329093799682
20,35,352,328,11,0.931818181818182
20,36,158,151,4,0.955696202531646
20,37,143,136,5,0.951048951048951
20,38,172,149,20,0.866279069767442
20,39,39,37,2,0.948717948717949
21,1,492,476,14,0.967479674796748
21,2,386,368,14,0.953367875647668
21,3,452,428,16,0.946902654867257
21,4,438,427,10,0.974885844748858
21,5,476,465,9,0.976890756302521
21,6,396,380,13,0.95959595959596
21,7,457,438,15,0.958424507658643
21,8,487,457,26,0.938398357289528
21,9,476,466,8,0.978991596638655
21,10,388,363,18,0.935567010309278
21,11,432,418,9,0.967592592592593
21,12,406,385,14,0.948275862068966
21,13,469,438,22,0.933901918976546
21,14,483,448,29,0.927536231884058
21,15,415,404,10,0.973493975903614
21,16,440,418,19,0.95
21,17,403,380,18,0.942928039702233
21,18,516,504,10,0.976744186046512
21,19,497,480,9,0.96579476861167
21,20,416,402,12,0.966346153846154
21,21,377,357,13,0.946949602122016
21,22,415,396,16,0.95421686746988
21,23,419,410,6,0.978520286396181
21,24,464,452,10,0.974137931034483
21,25,396,380,13,0.95959595959596
21,26,497,473,20,0.951710261569416
21,27,486,460,18,0.946502057613169
21,28,542,519,16,0.957564575645756
21,29,481,466,13,0.968814968814969
21,30,412,392,16,0.951456310679612
21,31,336,322,10,0.958333333333333
21,32,461,441,17,0.956616052060738
21,33,393,375,10,0.954198473282443
21,34,445,422,16,0.948314606741573
21,35,538,515,19,0.95724907063197
21,36,446,428,14,0.959641255605381
21,37,336,324,7,0.964285714285714
21,38,468,454,6,0.97008547008547
21,39,407,393,9,0.965601965601966
21,40,427,411,11,0.962529274004684
21,41,476,455,18,0.955882352941176
21,42,492,476,15,0.967479674796748
21,43,455,434,14,0.953846153846154
21,44,483,465,16,0.962732919254658
21,45,435,423,9,0.972413793103448
21,46,487,469,13,0.963039014373716
21,47,427,406,18,0.950819672131148
21,48,451,427,23,0.946784922394678
21,49,495,475,18,0.95959595959596
21,50,335,316,13,0.943283582089552
21,51,457,436,16,0.954048140043764
21,52,465,451,8,0.969892473118279
21,53,379,356,19,0.939313984168865
21,54,399,386,9,0.967418546365915
22,1,265,254,7,0.958490566037736
22,2,597,400,191,0.670016750418761
22,3,719,610,91,0.848400556328234
22,4,393,343,39,0.872773536895674
22,5,457,385,60,0.842450765864333
22,6,457,391,60,0.855579868708971
22,7,375,344,26,0.917333333333333
22,8,685,535,146,0.781021897810219
22,9,384,339,37,0.8828125
22,10,632,536,78,0.848101265822785
22,11,399,349,41,0.87468671679198
22,12,419,314,94,0.749403341288783
22,13,506,445,59,0.879446640316206
22,14,399,351,42,0.879699248120301
22,15,393,338,49,0.860050890585242
22,16,395,346,46,0.875949367088607
22,17,639,534,101,0.835680751173709
22,18,396,346,40,0.873737373737374
22,19,227,212,12,0.933920704845815
22,20,466,407,52,0.873390557939914
22,21,460,432,24,0.939130434782609
22,22,464,384,64,0.827586206896552
22,23,533,503,23,0.943714821763602
22,24,552,475,61,0.860507246376812
22,25,457,401,48,0.87746170678337
23,1,463,214,244,0.462203023758099
23,2,505,263,231,0.520792079207921
23,3,457,216,232,0.472647702407002
23,4,531,291,232,0.548022598870056
23,5,482,404,68,0.838174273858921
23,6,514,372,135,0.723735408560311
23,7,437,344,80,0.787185354691076
23,8,583,378,192,0.648370497427101
23,9,451,383,61,0.849223946784922
23,10,534,411,118,0.769662921348315
23,11,534,443,81,0.829588014981273
23,12,525,215,298,0.40952380952381
23,13,448,383,61,0.854910714285714
23,14,466,231,231,0.495708154506438
23,15,426,351,62,0.823943661971831
23,16,485,231,251,0.476288659793814
23,17,381,315,58,0.826771653543307
23,18,439,219,218,0.498861047835991
23,19,393,333,59,0.847328244274809
23,20,331,266,60,0.803625377643504
23,21,470,209,255,0.44468085106383
23,22,494,283,204,0.572874493927126
23,23,461,259,195,0.561822125813449
23,24,413,337,73,0.815980629539951
23,25,426,313,105,0.734741784037559
23,26,472,341,124,0.722457627118644
23,27,447,210,230,0.469798657718121
23,28,538,278,253,0.516728624535316
23,29,417,248,165,0.594724220623501
23,30,556,416,131,0.748201438848921
23,31,425,343,72,0.807058823529412
23,32,442,376,63,0.850678733031674
23,33,514,424,80,0.824902723735409
23,34,522,434,83,0.831417624521073
23,35,383,192,183,0.501305483028721
23,36,481,227,249,0.471933471933472
23,37,528,247,276,0.46780303030303
23,38,444,251,189,0.565315315315315
23,39,509,435,71,0.854616895874263
24,1,364,348,14,0.956043956043956
24,2,407,388,13,0.953316953316953
24,3,484,460,19,0.950413223140496
24,4,340,327,10,0.961764705882353
24,5,230,217,9,0.943478260869565
24,6,401,385,10,0.960099750623441
24,7,290,266,17,0.917241379310345
24,8,193,177,14,0.917098445595855
24,9,402,379,17,0.942786069651741
24,10,192,185,5,0.963541666666667
24,11,483,460,21,0.952380952380952
24,12,260,245,13,0.942307692307692
24,13,240,221,11,0.920833333333333
24,14,377,362,12,0.960212201591512
24,15,226,215,11,0.951327433628319
24,16,1167,821,307,0.703513281919452
24,17,308,294,10,0.954545454545455
24,18,418,400,14,0.956937799043062
24,19,467,448,15,0.9593147751606
24,20,343,319,17,0.93002915451895
24,21,215,199,11,0.925581395348837
24,22,496,463,23,0.933467741935484
24,23,355,326,25,0.91830985915493
24,24,454,425,21,0.936123348017621
24,25,324,305,13,0.941358024691358
24,26,594,565,25,0.951178451178451
24,27,399,385,10,0.964912280701754
24,28,254,239,12,0.940944881889764
24,29,299,284,7,0.949832775919732
24,30,246,231,12,0.939024390243902
24,31,445,415,17,0.932584269662921
24,32,214,204,5,0.953271028037383
24,33,258,246,9,0.953488372093023
24,34,406,387,13,0.95320197044335
24,35,413,384,22,0.929782082324455
24,36,456,423,23,0.927631578947368
24,37,224,215,6,0.959821428571429
24,38,301,287,10,0.953488372093023
24,39,409,374,33,0.914425427872861
24,40,500,471,24,0.942
24,41,288,274,13,0.951388888888889
25,1,481,426,50,0.885654885654886
25,2,722,655,50,0.907202216066482
25,3,1124,929,177,0.826512455516014
25,4,477,417,53,0.874213836477987
25,5,633,542,76,0.856240126382306
25,6,248,173,75,0.69758064516129
25,7,629,561,52,0.891891891891892
25,8,688,627,47,0.911337209302326
25,9,600,540,42,0.9
25,10,918,763,144,0.831154684095861
25,11,630,542,68,0.86031746031746
25,12,562,483,67,0.859430604982206
25,13,727,654,53,0.89958734525447
25,14,513,405,98,0.789473684210526
25,15,537,445,78,0.828677839851024
25,16,1137,867,247,0.762532981530343
25,17,657,583,59,0.887366818873668
25,18,476,322,145,0.676470588235294
25,19,638,568,56,0.890282131661442
25,20,380,358,18,0.942105263157895
25,21,1197,1034,131,0.863826232247285
25,22,603,551,35,0.913764510779436
25,23,679,611,52,0.899852724594993
25,24,621,562,41,0.904991948470209
25,25,562,404,143,0.718861209964413
25,26,587,516,63,0.879045996592845
25,27,854,693,140,0.811475409836066
25,28,637,564,55,0.885400313971743
25,29,492,450,37,0.914634146341463
25,30,594,501,72,0.843434343434343
25,31,1307,1034,243,0.791124713083397
25,32,558,435,112,0.779569892473118
26,1,508,442,50,0.87007874015748
26,2,413,345,60,0.835351089588378
26,3,586,487,82,0.831058020477816
26,4,358,296,57,0.8268156424581
26,5,411,371,32,0.902676399026764
26,6,411,351,52,0.854014598540146
26,7,436,394,36,0.903669724770642
26,8,299,249,39,0.832775919732442
26,9,396,338,47,0.853535353535353
26,10,466,407,52,0.873390557939914
26,11,450,359,82,0.797777777777778
26,12,484,416,55,0.859504132231405
26,13,294,234,50,0.795918367346939
26,14,386,332,46,0.860103626943005
26,15,327,255,62,0.779816513761468
26,16,269,205,58,0.762081784386617
26,17,427,318,107,0.744730679156909
26,18,346,286,54,0.826589595375723
26,19,303,267,31,0.881188118811881
26,20,441,377,54,0.854875283446712
26,21,548,494,46,0.901459854014598
26,22,283,234,46,0.826855123674912
26,23,357,315,35,0.882352941176471
26,24,390,338,46,0.866666666666667
26,25,393,351,34,0.893129770992366
26,26,338,299,27,0.884615384615385
26,27,531,454,63,0.854990583804143
26,28,607,514,82,0.846787479406919
26,29,258,219,37,0.848837209302326
26,30,381,342,26,0.89763779527559
26,31,229,184,39,0.803493449781659
26,32,576,487,74,0.845486111111111
26,33,558,498,47,0.89247311827957
26,34,510,434,66,0.850980392156863
26,35,418,359,45,0.858851674641148
26,36,489,411,71,0.840490797546012
26,37,495,433,55,0.874747474747475
26,38,270,221,46,0.818518518518519
26,39,560,472,74,0.842857142857143
26,40,317,259,47,0.817034700315457
26,41,506,441,54,0.871541501976284
26,42,381,339,33,0.889763779527559
26,43,298,258,31,0.865771812080537
26,44,264,226,34,0.856060606060606
26,45,244,201,39,0.823770491803279
26,46,388,269,114,0.693298969072165
26,47,362,301,55,0.831491712707182
26,48,487,438,38,0.899383983572895
26,49,320,266,51,0.83125
27,1,1356,1105,220,0.814896755162242
27,2,623,524,83,0.841091492776886
27,3,285,264,18,0.926315789473684
27,4,292,262,19,0.897260273972603
27,5,437,397,38,0.908466819221968
27,6,692,571,109,0.82514450867052
27,7,821,734,74,0.894031668696711
27,8,411,369,40,0.897810218978102
27,9,311,238,68,0.765273311897106
27,10,479,447,25,0.933194154488518
27,11,741,598,125,0.807017543859649
27,12,500,416,80,0.832
27,13,740,674,57,0.910810810810811
27,14,261,239,15,0.915708812260536
27,15,284,266,13,0.936619718309859
27,16,703,556,128,0.790896159317212
27,17,538,475,58,0.882899628252788
27,18,370,331,31,0.894594594594595
27,19,273,232,31,0.84981684981685
27,20,413,392,15,0.949152542372881
27,21,583,471,104,0.807890222984562
27,22,259,238,19,0.918918918918919
27,23,367,338,23,0.920980926430518
27,24,356,327,26,0.918539325842696
27,25,502,450,45,0.896414342629482
27,26,354,325,23,0.918079096045198
27,27,689,627,44,0.910014513788099
27,28,828,621,179,0.75
27,29,331,288,38,0.870090634441088
27,30,246,230,15,0.934959349593496
27,31,396,364,27,0.919191919191919
27,32,487,436,41,0.895277207392197
27,33,802,684,103,0.85286783042394
27,34,352,340,10,0.965909090909091
27,35,732,606,108,0.827868852459016
27,36,366,332,23,0.907103825136612
27,37,636,537,86,0.844339622641509
27,38,771,619,135,0.802853437094682
27,39,357,333,24,0.932773109243698
27,40,842,663,155,0.787410926365796
27,41,435,415,17,0.954022988505747
27,42,406,334,65,0.822660098522167
27,43,396,364,23,0.919191919191919
27,44,369,342,23,0.926829268292683
27,45,1779,1461,291,0.821247892074199
27,46,530,411,109,0.775471698113208
27,47,369,325,33,0.880758807588076
27,48,1136,958,154,0.84330985915493
27,49,358,336,16,0.93854748603352
27,50,490,464,18,0.946938775510204
28,1,307,285,17,0.928338762214984
28,2,383,350,28,0.913838120104439
28,3,310,292,15,0.941935483870968
28,4,472,395,70,0.836864406779661
28,5,281,263,18,0.935943060498221
28,6,243,207,33,0.851851851851852
28,7,413,395,15,0.956416464891041
28,8,684,585,91,0.855263157894737
28,9,402,377,18,0.937810945273632
28,10,594,508,76,0.855218855218855
28,11,964,849,95,0.880705394190871
28,12,376,359,12,0.954787234042553
28,13,497,466,25,0.937625754527163
28,14,394,378,11,0.959390862944162
28,15,84,81,1,0.964285714285714
28,16,265,251,10,0.947169811320755
28,17,347,331,13,0.953890489913544
28,18,337,319,15,0.946587537091988
28,19,365,314,46,0.86027397260274
28,20,339,318,16,0.938053097345133
28,21,318,305,9,0.959119496855346
28,22,386,361,16,0.935233160621761
28,23,515,481,23,0.933980582524272
28,24,347,312,31,0.899135446685879
28,25,598,556,31,0.929765886287626
28,26,402,386,13,0.960199004975124
28,27,478,340,118,0.711297071129707
28,28,586,453,123,0.773037542662116
28,29,223,202,17,0.905829596412556
28,30,56,54,2,0.964285714285714
28,31,518,484,24,0.934362934362934
28,32,386,369,13,0.955958549222798
28,33,432,414,17,0.958333333333333
28,34,726,671,42,0.924242424242424
28,35,476,449,24,0.94327731092437
28,36,218,206,9,0.944954128440367
28,37,462,442,17,0.956709956709957
28,38,152,138,11,0.907894736842105
28,39,315,294,18,0.933333333333333
28,40,500,480,16,0.96
28,41,271,259,11,0.955719557195572
28,42,418,393,16,0.940191387559809
28,43,526,510,12,0.96958174904943
28,44,304,290,12,0.953947368421053
28,45,682,553,108,0.810850439882698
28,46,804,660,125,0.82089552238806
29,1,687,560,117,0.815138282387191
29,2,638,608,22,0.952978056426332
29,3,533,506,21,0.949343339587242
29,4,581,538,36,0.925989672977625
29,5,404,373,28,0.923267326732673
29,6,388,376,11,0.969072164948454
29,7,522,456,60,0.873563218390805
29,8,464,429,22,0.924568965517241
29,9,558,421,127,0.754480286738351
29,10,648,522,116,0.805555555555556
29,11,285,267,14,0.936842105263158
29,12,581,541,33,0.931153184165232
29,13,511,483,22,0.945205479452055
29,14,434,419,11,0.965437788018433
29,15,530,504,22,0.950943396226415
29,16,468,450,15,0.961538461538462
29,17,460,437,14,0.95
29,18,481,461,14,0.958419958419958
29,19,489,462,20,0.94478527607362
29,20,507,485,15,0.956607495069033
29,21,674,638,26,0.946587537091988
29,22,429,386,39,0.8997668997669
29,23,623,433,182,0.695024077046549
29,24,469,441,20,0.940298507462687
29,25,546,524,17,0.95970695970696
29,26,458,426,23,0.930131004366812
29,27,443,428,12,0.966139954853273
29,28,611,587,14,0.960720130932897
29,29,673,415,247,0.616641901931649
29,30,704,587,112,0.833806818181818
29,31,633,331,292,0.522906793048973
29,32,626,349,264,0.557507987220447
29,33,353,338,14,0.957507082152974
29,34,381,339,40,0.889763779527559
29,35,371,355,11,0.956873315363881
29,36,408,385,22,0.943627450980392
29,37,455,417,29,0.916483516483516
29,38,653,473,167,0.724349157733538
29,39,640,413,218,0.6453125
29,40,544,515,17,0.946691176470588
29,41,420,387,22,0.921428571428571
29,42,546,521,19,0.954212454212454
29,43,625,552,64,0.8832
29,44,639,595,39,0.93114241001565
30,1,644,496,137,0.770186335403727
30,2,640,448,186,0.7
30,3,453,381,62,0.841059602649007
30,4,592,410,170,0.692567567567567
30,5,461,360,98,0.780911062906725
30,6,479,372,104,0.776617954070981
30,7,628,497,121,0.79140127388535
30,8,683,556,112,0.814055636896047
30,9,536,384,144,0.716417910447761
30,10,636,483,143,0.759433962264151
30,11,573,470,95,0.820244328097731
30,12,548,419,117,0.764598540145985
30,13,578,416,154,0.719723183391004
30,14,453,349,101,0.770419426048565
30,15,507,415,79,0.818540433925049
30,16,355,261,91,0.735211267605634
30,17,621,452,158,0.727858293075684
30,18,707,620,73,0.876944837340877
30,19,598,483,108,0.807692307692308
30,20,641,504,129,0.786271450858034
30,21,446,295,147,0.661434977578475
30,22,824,700,100,0.849514563106796
30,23,718,576,120,0.802228412256267
30,24,848,714,119,0.841981132075471
30,25,862,709,128,0.822505800464037
30,26,374,286,83,0.764705882352941
30,27,434,327,105,0.753456221198157
30,28,569,496,64,0.87170474516696
30,29,423,337,75,0.796690307328605
30,30,258,213,43,0.825581395348837
30,31,379,300,76,0.79155672823219
30,32,479,416,59,0.868475991649269
31,1,373,301,66,0.806970509383378
31,2,346,291,53,0.841040462427746
31,3,395,286,101,0.724050632911392
31,4,486,433,44,0.890946502057613
31,5,401,313,77,0.780548628428928
31,6,286,235,46,0.821678321678322
31,7,574,519,45,0.904181184668989
31,8,349,283,61,0.810888252148997
31,9,432,354,71,0.819444444444444
31,10,454,389,62,0.856828193832599
31,11,348,269,75,0.772988505747126
31,12,353,252,94,0.713881019830028
31,13,436,353,74,0.809633027522936
31,14,392,302,89,0.770408163265306
31,15,412,307,102,0.745145631067961
31,16,467,415,44,0.88865096359743
31,17,381,290,81,0.761154855643045
31,18,379,308,64,0.812664907651715
31,19,366,274,86,0.748633879781421
31,20,352,268,79,0.761363636363636
31,21,358,271,83,0.756983240223464
31,22,351,300,45,0.854700854700855
31,23,410,338,64,0.824390243902439
31,24,426,343,76,0.805164319248826
31,25,388,297,85,0.765463917525773
31,26,416,320,90,0.769230769230769
31,27,455,340,106,0.747252747252747
31,28,344,268,71,0.779069767441861
31,29,379,299,73,0.788918205804749
31,30,318,265,49,0.833333333333333
31,31,358,267,87,0.745810055865922
31,32,331,258,67,0.779456193353474
31,33,396,304,85,0.767676767676768
31,34,413,311,93,0.753026634382567
31,35,466,373,86,0.800429184549356
31,36,419,334,80,0.797136038186158
31,37,381,315,62,0.826771653543307
31,38,362,297,59,0.820441988950276
31,39,442,382,50,0.864253393665158
31,40,449,381,52,0.848552338530067
31,41,377,308,64,0.816976127320955
32,1,919,765,134,0.832426550598477
32,2,837,721,98,0.861409796893668
32,3,746,668,63,0.89544235924933
32,4,691,610,71,0.882778581765557
32,5,780,696,71,0.892307692307692
32,6,882,800,65,0.90702947845805
32,7,861,743,96,0.862950058072009
32,8,970,791,150,0.815463917525773
32,9,776,665,93,0.856958762886598
32,10,871,695,148,0.797933409873708
32,11,628,577,39,0.918789808917197
32,12,501,448,33,0.894211576846307
32,13,881,704,151,0.799091940976163
32,14,743,679,50,0.913862718707941
32,15,710,586,108,0.825352112676056
32,16,719,624,86,0.867872044506259
32,17,673,607,46,0.901931649331352
32,18,746,600,132,0.804289544235925
32,19,713,617,78,0.865357643758766
32,20,664,611,40,0.920180722891566
32,21,745,649,79,0.871140939597315
32,22,833,755,56,0.906362545018007
32,23,793,672,103,0.847414880201765
32,24,692,530,146,0.765895953757225
32,25,730,625,94,0.856164383561644
32,26,713,638,58,0.894810659186536
32,27,845,645,177,0.763313609467456
32,28,689,625,51,0.90711175616836
32,29,766,674,84,0.879895561357702
32,30,796,649,134,0.815326633165829
32,31,812,666,126,0.820197044334975
32,32,865,760,87,0.878612716763006
32,33,743,611,116,0.822341857335128
32,34,834,731,83,0.876498800959233
32,35,764,632,118,0.827225130890052
32,36,826,716,95,0.86682808716707
32,37,882,740,123,0.839002267573696
32,38,778,640,119,0.822622107969152
32,39,910,727,171,0.798901098901099
32,40,778,662,102,0.850899742930591
32,41,807,668,119,0.827757125154895
32,42,746,609,122,0.816353887399464
32,43,631,564,51,0.893819334389857
33,1,761,656,92,0.862023653088042
33,2,1023,816,185,0.797653958944281
33,3,994,860,108,0.865191146881288
33,4,982,820,139,0.835030549898167
33,5,735,621,101,0.844897959183673
33,6,645,559,72,0.866666666666667
33,7,779,656,110,0.842105263157895
33,8,894,788,82,0.881431767337808
33,9,824,674,132,0.817961165048544
33,10,648,538,97,0.830246913580247
33,11,751,616,113,0.820239680426099
33,12,747,617,109,0.825970548862115
33,13,687,594,83,0.864628820960699
33,14,353,306,42,0.86685552407932
33,15,739,632,88,0.855209742895805
33,16,1015,829,172,0.816748768472906
33,17,762,625,117,0.820209973753281
33,18,1057,904,121,0.855250709555345
33,19,889,749,127,0.84251968503937
33,20,918,797,103,0.868191721132897
33,21,754,668,75,0.885941644562334
33,22,686,551,129,0.803206997084548
33,23,798,689,97,0.863408521303258
33,24,858,753,83,0.877622377622378
33,25,877,732,126,0.834663625997719
33,26,567,503,55,0.887125220458554
33,27,881,722,141,0.819523269012486
33,28,663,591,60,0.891402714932127
34,1,480,469,10,0.977083333333333
34,2,391,367,14,0.938618925831202
34,3,457,434,16,0.949671772428884
34,4,340,325,15,0.955882352941176
34,5,410,392,12,0.95609756097561
34,6,516,485,24,0.939922480620155
34,7,494,474,8,0.959514170040486
34,8,397,387,8,0.974811083123426
34,9,316,295,19,0.933544303797468
34,10,460,435,21,0.945652173913044
34,11,398,370,20,0.92964824120603
34,12,485,469,13,0.96701030927835
34,13,449,431,15,0.959910913140312
34,14,368,354,11,0.96195652173913
34,15,425,405,15,0.952941176470588
34,16,405,386,16,0.953086419753086
34,17,562,533,21,0.948398576512456
34,18,325,310,12,0.953846153846154
34,19,515,490,22,0.951456310679612
34,20,490,474,14,0.96734693877551
34,21,515,504,10,0.978640776699029
34,22,451,431,15,0.955654101995565
34,23,379,367,12,0.968337730870712
34,24,399,381,13,0.954887218045113
34,25,680,662,14,0.973529411764706
34,26,517,501,11,0.969052224371373
34,27,379,362,14,0.955145118733509
34,28,304,291,10,0.957236842105263
34,29,379,368,9,0.970976253298153
34,30,420,399,17,0.95
34,31,375,358,14,0.954666666666667
34,32,452,434,15,0.960176991150442
34,33,382,364,15,0.952879581151832
34,34,509,494,11,0.970530451866405
34,35,566,534,26,0.943462897526502
34,36,389,377,10,0.969151670951157
34,37,261,245,12,0.938697318007663
34,38,229,212,12,0.925764192139738
34,39,341,320,17,0.93841642228739
34,40,516,496,16,0.961240310077519
34,41,287,274,10,0.954703832752613
34,42,439,428,6,0.9749430523918
34,43,395,378,13,0.956962025316455
34,44,439,421,13,0.958997722095672
34,45,459,438,18,0.954248366013072
34,46,308,299,8,0.970779220779221
34,47,415,405,8,0.975903614457831
34,48,452,435,10,0.962389380530973
34,49,424,406,11,0.957547169811321
34,50,373,358,13,0.959785522788204
34,51,482,453,18,0.939834024896265
34,52,338,322,13,0.952662721893491
34,53,314,293,13,0.93312101910828
35,1,660,561,80,0.85
35,2,632,552,72,0.873417721518987
35,3,564,478,75,0.847517730496454
35,4,616,503,96,0.816558441558442
35,5,548,477,62,0.87043795620438
35,6,640,562,60,0.878125
35,7,640,585,47,0.9140625
35,8,631,543,72,0.86053882725832
35,9,634,488,138,0.769716088328076
35,10,713,654,44,0.917251051893408
35,11,726,624,86,0.859504132231405
35,12,463,370,77,0.799136069114471
35,13,498,416,74,0.835341365461847
35,14,520,439,71,0.844230769230769
35,15,740,642,70,0.867567567567568
35,16,376,315,55,0.837765957446809
35,17,652,584,59,0.895705521472393
35,18,436,357,76,0.818807339449541
35,19,431,355,71,0.823665893271462
35,20,649,541,87,0.833590138674884
35,21,636,568,56,0.893081761006289
35,22,753,643,90,0.853917662682603
35,23,653,540,94,0.826952526799387
35,24,566,490,59,0.865724381625442
35,25,640,554,66,0.865625
35,26,532,444,80,0.834586466165413
35,27,583,491,74,0.842195540308748
35,28,602,529,57,0.878737541528239
35,29,639,497,126,0.777777777777778
35,30,628,514,104,0.818471337579618
35,31,670,550,102,0.82089552238806
36,1,528,401,118,0.759469696969697
36,2,543,438,97,0.806629834254144
36,3,468,362,101,0.773504273504274
36,4,571,462,105,0.809106830122592
36,5,472,394,72,0.834745762711864
36,6,500,385,111,0.77
36,7,639,370,260,0.579029733959311
36,8,446,370,71,0.829596412556054
36,9,520,419,90,0.805769230769231
36,10,697,504,184,0.723098995695839
36,11,386,310,70,0.803108808290155
36,12,392,313,72,0.798469387755102
36,13,404,335,65,0.829207920792079
36,14,594,443,145,0.745791245791246
36,15,579,387,188,0.66839378238342
36,16,545,403,134,0.739449541284404
36,17,670,471,191,0.702985074626866
36,18,614,419,184,0.682410423452769
36,19,686,525,151,0.76530612244898
36,20,620,436,179,0.703225806451613
36,21,497,389,99,0.782696177062374
36,22,477,380,95,0.79664570230608
36,23,500,389,98,0.778
36,24,663,444,206,0.669683257918552
36,25,551,449,98,0.814882032667877
36,26,559,325,228,0.581395348837209
36,27,505,376,121,0.744554455445544
36,28,575,361,207,0.627826086956522
36,29,602,398,198,0.661129568106312
36,30,542,387,148,0.714022140221402
37,1,384,353,28,0.919270833333333
37,2,385,354,27,0.91948051948052
37,3,323,311,9,0.962848297213622
37,4,363,326,33,0.898071625344353
37,5,460,435,24,0.945652173913044
37,6,476,442,27,0.928571428571429
37,7,360,318,36,0.883333333333333
37,8,335,300,29,0.895522388059701
37,9,463,439,19,0.948164146868251
37,10,560,509,46,0.908928571428571
37,11,299,283,9,0.946488294314381
37,12,417,379,34,0.908872901678657
37,13,327,302,19,0.923547400611621
37,14,474,448,21,0.945147679324894
37,15,456,423,27,0.927631578947368
37,16,520,485,24,0.932692307692308
37,17,322,305,14,0.947204968944099
37,18,389,364,22,0.93573264781491
37,19,335,314,21,0.937313432835821
37,20,393,365,25,0.928753180661577
37,21,412,374,30,0.907766990291262
37,22,428,379,42,0.885514018691589
37,23,424,404,20,0.952830188679245
37,24,463,429,30,0.926565874730022
37,25,392,361,25,0.920918367346939
37,26,581,518,55,0.891566265060241
37,27,411,384,22,0.934306569343065
37,28,401,366,31,0.912718204488778
37,29,423,394,26,0.931442080378251
37,30,430,405,21,0.941860465116279
37,31,502,470,28,0.936254980079681
37,32,388,364,22,0.938144329896907
37,33,484,453,26,0.93595041322314
37,34,391,371,15,0.948849104859335
37,35,419,401,14,0.957040572792363
37,36,424,401,20,0.945754716981132
37,37,488,453,28,0.92827868852459
37,38,469,433,32,0.923240938166311
37,39,420,393,22,0.935714285714286
37,40,462,440,20,0.952380952380952
37,41,473,437,29,0.923890063424947
38,1,541,385,132,0.711645101663586
38,2,633,213,415,0.336492890995261
38,3,634,338,290,0.533123028391167
38,4,589,307,268,0.521222410865874
38,5,631,355,268,0.562599049128368
38,6,641,337,300,0.525741029641186
38,7,581,281,290,0.483648881239243
38,8,585,333,248,0.569230769230769
38,9,679,335,332,0.493372606774669
38,10,533,315,211,0.590994371482176
38,11,528,334,183,0.632575757575758
38,12,632,240,382,0.379746835443038
38,13,675,362,302,0.536296296296296
38,14,631,401,214,0.635499207606973
38,15,571,372,183,0.651488616462347
38,16,593,338,247,0.569983136593592
38,17,727,332,380,0.456671251719395
38,18,641,382,244,0.59594383775351
38,19,683,395,276,0.578330893118594
38,20,623,281,337,0.451043338683788
38,21,573,387,177,0.675392670157068
38,22,540,377,155,0.698148148148148
38,23,603,401,190,0.665008291873964
38,24,632,323,302,0.511075949367089
38,25,566,331,222,0.584805653710247
38,26,646,367,266,0.568111455108359
38,27,629,337,285,0.53577106518283
38,28,730,349,373,0.478082191780822
38,29,627,371,248,0.59170653907496
38,30,623,303,313,0.486356340288925
38,31,576,412,146,0.715277777777778
38,32,579,378,190,0.652849740932642
38,33,591,399,185,0.6751269035533
38,34,575,413,151,0.718260869565217
38,35,585,435,134,0.743589743589744
38,36,573,382,177,0.666666666666667
38,37,596,393,191,0.659395973154362
38,38,604,341,248,0.564569536423841
38,39,631,443,177,0.702060221870048
38,40,592,403,176,0.680743243243243
38,41,523,419,95,0.801147227533461
39,1,588,373,199,0.634353741496599
39,2,568,326,235,0.573943661971831
39,3,632,507,114,0.802215189873418
39,4,577,362,204,0.62738301559792
39,5,608,442,157,0.726973684210526
39,6,605,462,133,0.763636363636364
39,7,533,406,119,0.76172607879925
39,8,653,483,162,0.739663093415008
39,9,560,402,147,0.717857142857143
39,10,280,235,42,0.839285714285714
39,11,572,396,161,0.692307692307692
39,12,803,653,128,0.813200498132005
39,13,565,393,164,0.695575221238938
39,14,590,446,130,0.75593220338983
39,15,729,409,309,0.561042524005487
39,16,614,454,146,0.739413680781759
39,17,607,439,165,0.723228995057661
39,18,585,425,156,0.726495726495726
39,19,578,433,129,0.749134948096886
39,20,744,419,314,0.563172043010753
39,21,590,341,239,0.577966101694915
39,22,629,466,151,0.740858505564388
39,23,591,355,223,0.600676818950931
39,24,741,426,306,0.574898785425101
39,25,531,423,101,0.796610169491525
39,26,595,359,229,0.603361344537815
39,27,94,61,32,0.648936170212766
39,28,718,603,102,0.83983286908078
39,29,351,278,62,0.792022792022792
39,30,703,584,109,0.83072546230441
39,31,527,416,103,0.789373814041746
39,32,584,323,255,0.553082191780822
39,33,649,487,154,0.750385208012327
39,34,721,560,138,0.776699029126214
39,35,618,479,123,0.775080906148867
39,36,156,110,43,0.705128205128205
39,37,557,385,156,0.691202872531418
39,38,308,223,84,0.724025974025974
39,39,373,266,100,0.71313672922252
39,40,627,396,222,0.631578947368421
39,41,615,399,202,0.648780487804878
39,42,621,374,238,0.602254428341385
39,43,619,370,239,0.597738287560582
39,44,484,300,176,0.619834710743802
39,45,534,340,182,0.636704119850187
40,1,640,446,186,0.696875
40,2,671,528,136,0.786885245901639
40,3,797,692,94,0.868255959849435
40,4,408,322,85,0.78921568627451
40,5,715,584,119,0.816783216783217
40,6,760,670,73,0.881578947368421
40,7,622,541,62,0.869774919614148
40,8,857,773,74,0.901983663943991
40,9,564,428,127,0.75886524822695
40,10,762,595,152,0.780839895013123
40,11,647,568,64,0.87789799072643
40,12,587,509,64,0.867120954003407
40,13,935,851,70,0.910160427807487
40,14,669,468,191,0.699551569506726
40,15,678,522,144,0.769911504424779
40,16,849,753,68,0.886925795053003
40,17,548,428,113,0.781021897810219
40,18,567,473,84,0.834215167548501
40,19,813,630,169,0.774907749077491
40,20,700,555,130,0.792857142857143
40,21,722,645,65,0.893351800554017
40,22,774,690,74,0.891472868217054
40,23,765,678,72,0.886274509803921
40,24,642,447,181,0.696261682242991
40,25,760,685,66,0.901315789473684
40,26,698,629,55,0.901146131805158
40,27,849,712,122,0.838633686690224
40,28,670,590,63,0.880597014925373
40,29,656,501,145,0.763719512195122
40,30,568,394,163,0.693661971830986
40,31,715,649,55,0.907692307692308
40,32,713,636,68,0.892005610098177
40,33,628,579,40,0.921974522292994
40,34,609,437,159,0.717569786535304
40,35,504,379,111,0.751984126984127
40,36,576,485,80,0.842013888888889
40,37,692,585,97,0.845375722543353
40,38,784,677,88,0.863520408163265
40,39,285,208,76,0.729824561403509
41,1,606,264,333,0.435643564356436
41,2,651,268,375,0.411674347158218
41,3,621,327,279,0.526570048309179
41,4,607,330,269,0.543657331136738
41,5,759,418,321,0.550724637681159
41,6,694,398,282,0.573487031700288
41,7,653,332,306,0.508422664624809
41,8,636,322,300,0.506289308176101
41,9,627,360,257,0.574162679425837
41,10,629,354,262,0.562798092209857
41,11,685,309,365,0.451094890510949
41,12,696,319,373,0.458333333333333
41,13,766,357,396,0.466057441253264
41,14,669,433,219,0.647234678624813
41,15,790,447,326,0.565822784810127
41,16,605,312,285,0.515702479338843
41,17,567,321,241,0.566137566137566
41,18,590,318,266,0.538983050847458
41,19,697,448,222,0.642754662840746
41,20,468,236,221,0.504273504273504
41,21,617,330,281,0.53484602917342
41,22,686,350,328,0.510204081632653
41,23,682,252,423,0.36950146627566
41,24,611,266,330,0.435351882160393
41,25,684,338,337,0.494152046783626
41,26,542,288,240,0.531365313653137
41,27,653,271,375,0.415007656967841
41,28,734,438,285,0.596730245231608
41,29,592,290,297,0.489864864864865
41,30,607,344,257,0.5667215815486
41,31,595,352,233,0.591596638655462
41,32,534,270,256,0.50561797752809
41,33,601,292,303,0.48585690515807
41,34,586,279,300,0.476109215017065
41,35,770,403,355,0.523376623376623
41,36,626,327,286,0.522364217252396
41,37,697,355,330,0.509325681492109
41,38,626,323,293,0.515974440894569
41,39,676,362,299,0.535502958579882
41,40,713,306,400,0.429172510518934
41,41,671,332,332,0.49478390461997
41,42,658,309,338,0.469604863221884
41,43,664,343,312,0.516566265060241
41,44,651,287,347,0.440860215053763
41,45,633,325,303,0.513428120063191
41,46,628,334,284,0.531847133757962
41,47,709,398,300,0.561354019746121
42,1,656,471,179,0.717987804878049
42,2,976,779,180,0.798155737704918
42,3,772,639,121,0.827720207253886
42,4,1892,1457,413,0.770084566596194
42,5,657,515,127,0.783866057838661
42,6,681,495,174,0.726872246696035
42,7,902,688,199,0.762749445676275
42,8,641,508,127,0.792511700468019
42,9,992,812,164,0.818548387096774
42,10,1051,810,214,0.77069457659372
42,11,524,373,142,0.711832061068702
42,12,641,471,160,0.734789391575663
42,13,573,403,160,0.703315881326352
42,14,1068,816,223,0.764044943820225
42,15,1112,825,272,0.741906474820144
42,16,788,631,138,0.800761421319797
42,17,1278,928,326,0.726134585289515
42,18,1029,811,197,0.788143828960155
42,19,1004,742,248,0.739043824701195
42,20,1025,754,251,0.735609756097561
42,21,945,805,129,0.851851851851852
42,22,446,327,111,0.733183856502242
42,23,884,632,243,0.714932126696833
42,24,743,557,172,0.749663526244953
42,25,928,665,251,0.716594827586207
42,26,1322,991,316,0.749621785173979
42,27,528,397,123,0.751893939393939
42,28,758,575,177,0.758575197889182
42,29,921,680,226,0.738327904451683
42,30,574,442,128,0.770034843205575
42,31,954,712,224,0.746331236897275
42,32,955,708,228,0.741361256544503
42,33,838,687,133,0.81980906921241
42,34,629,463,154,0.736089030206677
42,35,976,780,179,0.799180327868853
42,36,1402,1099,271,0.783880171184023
42,37,624,463,145,0.74198717948718
42,38,797,580,199,0.727728983688833
42,39,1455,1131,302,0.777319587628866
42,40,1163,917,227,0.78847807394669
42,41,798,652,136,0.817042606516291
42,42,1357,1114,220,0.820928518791452
43,1,390,320,63,0.82051282051282
43,2,796,663,120,0.832914572864322
43,3,737,587,138,0.796472184531886
43,4,963,758,186,0.787123572170301
43,5,697,584,101,0.837876614060258
43,6,577,494,69,0.856152512998267
43,7,495,408,77,0.824242424242424
43,8,569,452,113,0.794376098418278
43,9,742,608,122,0.819407008086253
43,10,910,755,133,0.82967032967033
43,11,705,550,143,0.780141843971631
43,12,487,408,73,0.837782340862423
43,13,712,599,104,0.841292134831461
43,14,720,597,107,0.829166666666667
43,15,773,615,142,0.795601552393273
43,16,1074,885,164,0.824022346368715
43,17,583,461,111,0.79073756432247
43,18,864,702,149,0.8125
43,19,748,604,132,0.807486631016043
43,20,910,784,105,0.861538461538462
43,21,857,686,147,0.80046674445741
43,22,546,452,88,0.827838827838828
43,23,525,428,87,0.815238095238095
43,24,578,447,116,0.773356401384083
43,25,618,504,107,0.815533980582524
43,26,448,380,60,0.848214285714286
43,27,673,539,125,0.800891530460624
43,28,936,742,183,0.792735042735043
43,29,1073,879,171,0.819198508853681
43,30,770,639,116,0.82987012987013
43,31,724,585,126,0.808011049723757
43,32,771,649,109,0.841763942931258
43,33,744,551,181,0.740591397849462
43,34,470,387,76,0.823404255319149
43,35,789,601,180,0.761723700887199
43,36,504,414,83,0.821428571428571
43,37,841,712,118,0.846611177170036
43,38,561,427,125,0.761140819964349
43,39,602,467,121,0.775747508305648
43,40,550,467,73,0.849090909090909
43,41,894,743,133,0.831096196868009
43,42,722,594,111,0.822714681440443
43,43,777,580,181,0.746460746460746
43,44,754,616,123,0.816976127320955
43,45,424,348,70,0.820754716981132
43,46,479,415,59,0.866388308977035
44,1,1153,1020,114,0.884648742411101
44,2,829,701,106,0.845597104945718
44,3,429,367,60,0.855477855477855
44,4,640,550,80,0.859375
44,5,774,689,70,0.890180878552972
44,6,1027,894,108,0.870496592015579
44,7,522,410,103,0.78544061302682
44,8,1066,953,92,0.893996247654784
44,9,814,694,103,0.852579852579853
44,10,850,732,92,0.861176470588235
44,11,892,748,130,0.838565022421525
44,12,825,697,117,0.844848484848485
44,13,689,576,95,0.835994194484761
44,14,744,644,85,0.865591397849462
44,15,733,618,107,0.843110504774898
44,16,909,790,103,0.869086908690869
44,17,1013,909,89,0.897334649555775
44,18,901,754,129,0.83684794672586
44,19,930,815,107,0.876344086021505
44,20,947,827,97,0.873284054910243
44,21,920,835,66,0.907608695652174
44,22,735,645,80,0.877551020408163
44,23,742,662,66,0.892183288409703
44,24,549,462,80,0.841530054644809
44,25,817,727,80,0.88984088127295
44,26,950,849,84,0.893684210526316
44,27,919,787,102,0.856365614798694
44,28,823,712,99,0.865127582017011
44,29,935,807,110,0.863101604278075
44,30,952,833,103,0.875
44,31,700,565,111,0.807142857142857
44,32,912,760,129,0.833333333333333
44,33,817,750,55,0.917992656058752
44,34,815,733,74,0.899386503067485
44,35,899,755,127,0.839822024471635
44,36,879,770,96,0.875995449374289
44,37,856,783,63,0.914719626168224
44,38,1006,810,173,0.805168986083499
44,39,847,727,104,0.858323494687131
44,40,797,670,105,0.840652446675031
44,41,1037,905,114,0.872709739633558
45,1,501,432,53,0.862275449101796
45,2,604,526,64,0.870860927152318
45,3,565,461,95,0.815929203539823
45,4,723,563,131,0.778699861687414
45,5,639,514,113,0.804381846635368
45,6,802,655,133,0.816708229426434
45,7,864,679,167,0.78587962962963
45,8,630,490,130,0.777777777777778
45,9,621,466,145,0.750402576489533
45,10,629,444,174,0.705882352941176
45,11,476,347,122,0.728991596638655
45,12,587,423,144,0.7206132879046
45,13,511,392,102,0.767123287671233
45,14,859,645,199,0.750873108265425
45,15,706,553,145,0.78328611898017
45,16,505,367,130,0.726732673267327
45,17,692,465,212,0.671965317919075
45,18,692,446,226,0.644508670520231
45,19,371,249,115,0.671159029649596
45,20,447,318,116,0.711409395973154
45,21,570,357,211,0.626315789473684
45,22,606,399,197,0.658415841584158
45,23,590,359,217,0.608474576271186
45,24,499,288,203,0.577154308617234
45,25,404,230,166,0.569306930693069
45,26,349,184,161,0.527220630372493
45,27,609,346,252,0.568144499178982
45,28,534,335,193,0.627340823970037
45,29,414,239,171,0.577294685990338
45,30,581,438,132,0.753872633390706
45,31,500,368,125,0.736
45,32,578,399,172,0.690311418685121
45,33,426,319,103,0.748826291079812
45,34,617,425,182,0.688816855753647
45,35,659,462,185,0.701062215477997
45,36,638,413,213,0.647335423197492
45,37,605,369,222,0.609917355371901
45,38,610,405,201,0.663934426229508
45,39,607,366,232,0.602965403624382
45,40,556,336,208,0.60431654676259
45,41,562,334,217,0.594306049822064
45,42,559,323,230,0.577817531305903
45,43,623,326,283,0.523274478330658
45,44,578,325,241,0.562283737024221
45,45,418,210,202,0.502392344497608
45,46,480,251,217,0.522916666666667
45,47,449,242,198,0.538975501113586
45,48,515,244,259,0.47378640776699
46,1,521,453,59,0.869481765834933
46,2,669,602,55,0.899850523168909
46,3,826,723,95,0.875302663438257
46,4,659,593,52,0.899848254931715
46,5,947,830,95,0.876451953537487
46,6,676,589,75,0.871301775147929
46,7,733,614,111,0.837653478854024
46,8,531,470,53,0.885122410546139
46,9,772,701,52,0.908031088082902
46,10,1239,1099,114,0.887005649717514
46,11,757,582,162,0.768824306472919
46,12,756,687,55,0.908730158730159
46,13,746,665,73,0.89142091152815
46,14,823,717,100,0.871202916160389
46,15,753,657,86,0.872509960159363
46,16,757,681,52,0.899603698811096
46,17,786,657,116,0.83587786259542
46,18,831,685,132,0.824308062575211
46,19,501,414,79,0.826347305389221
46,20,600,538,51,0.896666666666667
46,21,568,451,109,0.794014084507042
46,22,526,467,46,0.887832699619772
46,23,628,575,46,0.915605095541401
46,24,905,780,114,0.861878453038674
46,25,671,615,47,0.916542473919523
46,26,1005,907,82,0.902487562189055
46,27,919,813,80,0.884657236126224
46,28,662,566,86,0.854984894259819
46,29,595,506,80,0.850420168067227
46,30,772,673,86,0.871761658031088
46,31,747,684,50,0.91566265060241
46,32,738,624,100,0.845528455284553
46,33,775,687,79,0.886451612903226
46,34,888,803,66,0.904279279279279
46,35,821,734,79,0.894031668696711
46,36,685,562,110,0.820437956204379
46,37,632,540,87,0.854430379746835
46,38,863,777,69,0.900347624565469
46,39,709,582,114,0.820874471086037
46,40,582,512,59,0.879725085910653
47,1,509,434,67,0.852652259332024
47,2,740,632,92,0.854054054054054
47,3,694,576,100,0.829971181556196
47,4,880,762,105,0.865909090909091
47,5,778,693,69,0.890745501285347
47,6,892,791,84,0.88677130044843
47,7,698,585,101,0.83810888252149
47,8,720,628,74,0.872222222222222
47,9,736,624,90,0.847826086956522
47,10,873,784,69,0.898052691867125
47,11,779,666,106,0.854942233632863
47,12,787,700,61,0.889453621346887
47,13,704,618,69,0.877840909090909
47,14,668,578,81,0.865269461077844
47,15,862,797,48,0.924593967517401
47,16,715,597,103,0.834965034965035
47,17,746,615,114,0.824396782841823
47,18,731,624,89,0.853625170998632
47,19,1121,1036,65,0.924174843889384
47,20,737,656,64,0.890094979647218
47,21,689,598,72,0.867924528301887
47,22,771,673,79,0.872892347600519
47,23,799,732,55,0.916145181476846
47,24,800,717,66,0.89625
47,25,901,800,84,0.887902330743618
47,26,956,887,58,0.927824267782427
47,27,644,564,63,0.875776397515528
47,28,675,596,66,0.882962962962963
47,29,842,722,102,0.857482185273159
47,30,892,820,59,0.919282511210762
47,31,759,672,68,0.885375494071146
47,32,871,803,52,0.921928817451206
47,33,763,656,90,0.859764089121887
47,34,741,655,68,0.883940620782726
47,35,745,628,103,0.842953020134228
47,36,817,742,64,0.908200734394125
47,37,699,612,70,0.875536480686695
47,38,742,662,68,0.892183288409703
47,39,727,643,71,0.884456671251719
47,40,689,625,55,0.90711175616836
47,41,794,715,69,0.900503778337531
47,42,685,618,52,0.902189781021898
47,43,675,565,91,0.837037037037037
47,44,733,604,117,0.824010914051842
47,45,652,595,46,0.912576687116564
47,46,774,634,126,0.819121447028424
47,47,897,785,95,0.875139353400223
47,48,66,41,24,0.621212121212121
48,1,671,614,42,0.9150521609538
48,2,309,269,33,0.870550161812298
48,3,794,689,91,0.867758186397985
48,4,676,621,47,0.918639053254438
48,5,385,338,42,0.877922077922078
48,6,840,733,89,0.872619047619048
48,7,700,657,38,0.938571428571429
48,8,363,300,57,0.826446280991735
48,9,485,365,113,0.752577319587629
48,10,919,859,52,0.934711643090316
48,11,554,515,28,0.929602888086643
48,12,846,769,62,0.908983451536643
48,13,894,743,141,0.831096196868009
48,14,342,273,67,0.798245614035088
48,15,448,373,68,0.832589285714286
48,16,756,657,87,0.869047619047619
48,17,612,527,68,0.861111111111111
48,18,500,411,81,0.822
48,19,465,421,35,0.905376344086022
48,20,711,642,61,0.90295358649789
48,21,933,794,118,0.85101822079314
48,22,552,447,102,0.809782608695652
48,23,658,555,88,0.843465045592705
48,24,842,621,213,0.737529691211401
48,25,549,503,34,0.916211293260474
48,26,336,282,46,0.839285714285714
48,27,662,589,55,0.889728096676737
48,28,855,630,205,0.736842105263158
48,29,315,277,36,0.879365079365079
48,30,567,513,42,0.904761904761905
48,31,980,850,106,0.86734693877551
48,32,759,667,73,0.878787878787879
48,33,372,315,55,0.846774193548387
48,34,594,539,43,0.907407407407407
48,35,469,370,90,0.788912579957356
48,36,390,331,53,0.848717948717949
48,37,721,663,47,0.919556171983356
48,38,682,602,72,0.882697947214076
48,39,535,447,82,0.835514018691589
48,40,589,535,44,0.908319185059423
48,41,876,789,70,0.900684931506849
48,42,729,687,30,0.94238683127572
48,43,789,700,77,0.887198986058302
48,44,823,762,50,0.92588092345079
48,45,489,453,28,0.92638036809816
48,46,447,380,63,0.850111856823266
49,1,449,413,27,0.919821826280624
49,2,419,397,15,0.947494033412888
49,3,829,753,66,0.90832328106152
49,4,881,790,60,0.896708286038592
49,5,638,577,50,0.904388714733542
49,6,605,554,41,0.915702479338843
49,7,574,500,64,0.871080139372822
49,8,614,545,64,0.887622149837133
49,9,708,636,56,0.898305084745763
49,10,755,667,77,0.883443708609271
49,11,865,798,47,0.922543352601156
49,12,828,744,66,0.898550724637681
49,13,799,709,75,0.887359198998749
49,14,553,496,50,0.896925858951175
49,15,522,472,42,0.904214559386973
49,16,674,585,71,0.867952522255193
49,17,599,483,106,0.806343906510851
49,18,839,774,46,0.922526817640048
49,19,654,597,44,0.912844036697248
49,20,1011,922,74,0.911968348170129
49,21,433,378,52,0.8729792147806
49,22,733,634,76,0.86493860845839
49,23,884,772,82,0.873303167420814
49,24,566,517,35,0.913427561837456
49,25,869,768,76,0.883774453394707
49,26,818,708,99,0.865525672371638
49,27,782,698,61,0.892583120204604
49,28,959,868,68,0.905109489051095
49,29,825,735,69,0.890909090909091
49,30,747,649,80,0.868808567603748
49,31,518,455,52,0.878378378378378
49,32,657,592,53,0.901065449010654
49,33,540,494,39,0.914814814814815
50,1,603,289,304,0.479270315091211
50,2,370,202,164,0.545945945945946
50,3,534,280,250,0.524344569288389
50,4,653,450,192,0.689127105666156
50,5,458,184,268,0.40174672489083
50,6,626,462,154,0.738019169329074
50,7,622,543,68,0.872990353697749
50,8,565,478,79,0.846017699115044
50,9,490,338,142,0.689795918367347
50,10,703,345,350,0.490753911806543
50,11,460,126,331,0.273913043478261
50,12,270,148,118,0.548148148148148
50,13,678,555,112,0.81858407079646
50,14,208,102,105,0.490384615384615
50,15,646,532,110,0.823529411764706
50,16,203,108,94,0.532019704433498
50,17,670,404,264,0.602985074626866
50,18,116,49,65,0.422413793103448
50,19,459,361,88,0.786492374727669
50,20,588,453,125,0.770408163265306
50,21,523,385,134,0.736137667304015
50,22,578,308,260,0.532871972318339
50,23,452,266,180,0.588495575221239
50,24,521,158,359,0.303262955854127
50,25,641,262,378,0.408736349453978
50,26,674,440,226,0.652818991097923
50,27,216,119,96,0.550925925925926
50,28,640,490,142,0.765625
50,29,606,475,125,0.783828382838284
50,30,455,376,73,0.826373626373626
50,31,763,642,110,0.841415465268676
50,32,682,573,91,0.840175953079179
50,33,471,186,279,0.394904458598726
50,34,776,517,246,0.666237113402062
50,35,709,593,104,0.83638928067701
50,36,584,446,129,0.763698630136986
50,37,587,491,90,0.836456558773424
50,38,240,148,90,0.616666666666667
50,39,427,219,201,0.51288056206089
50,40,626,191,427,0.305111821086262
